Metric,Value
MAE,17.261480759751503
RMSE,28.23817840604991
R2 Score,0.9992212999379209
